Description,Name,"URL Slug",Images,record_id
,"Top 5 24/7 Agent Starterkit",top-5-24-7-agent-starterkit,,2176299
,"1 on 1 Ai systems Consultation",1-on-1-ai-systems-consultation,,2176222
,"TOP 5 AGENTS DIY KIT",top-5-agents-diy-kit,"https://entremotivator.com/wp-content/uploads/2025/09/Generated-Image-September-28-2025-2_00PM.png, https://entremotivator.com/wp-content/uploads/2025/09/IMG_0273.png, https://entremotivator.com/wp-content/uploads/2025/09/IMG_0274.png, https://entremotivator.com/wp-content/uploads/2025/09/IMG_0276.png, https://entremotivator.com/wp-content/uploads/2025/09/IMG_0275.png, https://entremotivator.com/wp-content/uploads/2025/09/IMG_0277.png",2176176
"Custom Professional Mobile App is tailored for business professionals and professional service providers. This application includes professional tools, client management features, scheduling capabilities, and business analytics. Designed to enhance professional productivity and client interaction through mobile technology.","Custom Professional Mobile App",custom-professional-mobile-app,https://entremotivator.com/wp-content/uploads/2025/09/IMG_0258.png,2176164
"Custom Enterprise Mobile Solution is designed specifically for large organizations and enterprises requiring sophisticated mobile applications. This comprehensive platform includes enterprise security, scalable architecture, custom integrations, and dedicated support. Perfect for corporations needing robust mobile solutions with enterprise-grade features and reliability.","Custom Enterprise Mobile Solution",custom-enterprise-mobile-solution,https://entremotivator.com/wp-content/uploads/2025/09/IMG_0257.png,2176163
"Custom Business App Version 3 represents the premium tier of business mobile applications. This comprehensive solution includes all advanced features, premium support, custom branding options, and enterprise-grade capabilities. Designed for businesses requiring the highest level of mobile application functionality and customization.","Custom Business App - Version 3",custom-business-app-version-3,https://entremotivator.com/wp-content/uploads/2025/09/IMG_0254.png,2176162
"Custom Business App Version 2 is an enhanced mobile application with advanced business features and improved functionality. This upgraded solution includes enhanced analytics, better user interface, advanced reporting, and additional business tools. Perfect for businesses requiring more sophisticated mobile application capabilities.","Custom Business App - Version 2",custom-business-app-version-2,https://entremotivator.com/wp-content/uploads/2025/09/IMG_0253.png,2176161
"Custom Business App Version 1 is a professional mobile application designed for business operations and management. This comprehensive solution includes business tools, analytics, and management features tailored for modern businesses. Developed by ATM Agency with focus on professional functionality and user experience.","Custom Business App - Version 1",custom-business-app-version-1,https://entremotivator.com/wp-content/uploads/2025/09/IMG_0252.png,2176160
"Custom Funnel/Lead System App is a comprehensive lead generation and management solution. This application provides automated capture, nurturing, and conversion tools for businesses looking to optimize their sales funnel. Features include lead tracking, automated follow-up, conversion optimization, and detailed analytics. Available on App Store and Google Play, powered by ATM Agency.","Custom Funnel/Lead System App",custom-funnel-lead-system-app,https://entremotivator.com/wp-content/uploads/2025/09/IMG_0251.png,2176159
"Custom Marketplace App is a comprehensive mobile application solution that simplifies e-commerce operations. This app provides a complete platform for buying, selling, and connecting users in a streamlined marketplace environment. Available on both App Store and Google Play, this solution is powered by ATM Agency and offers a user-friendly interface for all your marketplace needs.","Custom Marketplace App",custom-marketplace-app,https://entremotivator.com/wp-content/uploads/2025/09/IMG_0250.png,2176158
"AI Call Matrix Developer Edition is designed specifically for developers and technical professionals. This edition includes full API access, SDK tools, custom integration capabilities, developer documentation, and technical support. Perfect for developers who want to build custom solutions and integrate AI Call Matrix into their applications.","AI Call Matrix - Developer Edition",ai-call-matrix-developer-edition,https://entremotivator.com/wp-content/uploads/2025/09/IMG_0142.png,2176157
"AI Call Matrix Business Edition is specifically designed for commercial operations and business environments. This edition includes business-grade features, team collaboration tools, commercial licensing, business analytics, and professional support. Perfect for businesses of all sizes looking to implement AI-powered solutions in their operations.","AI Call Matrix - Business Edition",ai-call-matrix-business-edition,https://entremotivator.com/wp-content/uploads/2025/09/IMG_0141.png,2176156
"AI Call Matrix Premium Plus Edition provides enhanced premium capabilities for demanding users and businesses. This edition includes premium AI algorithms, advanced customization options, priority processing, and exclusive premium features. Ideal for users who need premium performance and enhanced functionality beyond standard offerings.","AI Call Matrix - Premium Plus Edition",ai-call-matrix-premium-plus-edition,https://entremotivator.com/wp-content/uploads/2025/09/IMG_0140.png,2176155
"AI Call Matrix Ultimate Edition is the most comprehensive package available, featuring every premium capability and advanced tool. This ultimate solution includes all modules, unlimited access, premium support, custom development options, and exclusive features. Perfect for users who want the complete AI Call Matrix experience with no limitations.","AI Call Matrix - Ultimate Edition",ai-call-matrix-ultimate-edition,https://entremotivator.com/wp-content/uploads/2025/09/IMG_0139.png,2176154
"AI Call Matrix Advanced Edition offers sophisticated AI capabilities for power users and advanced businesses. This edition includes machine learning optimization, advanced automation workflows, predictive analytics, and enhanced integration capabilities. Designed for users who need cutting-edge AI features and advanced customization options.","AI Call Matrix - Advanced Edition",ai-call-matrix-advanced-edition,https://entremotivator.com/wp-content/uploads/2025/09/IMG_0138.png,2176153
"AI Call Matrix Enterprise Edition is the ultimate solution for large organizations and enterprises. This comprehensive platform includes unlimited users, advanced security features, custom integrations, dedicated support, and enterprise-grade infrastructure. Perfect for corporations requiring scalable AI-powered communication and productivity solutions.","AI Call Matrix - Enterprise Edition",ai-call-matrix-enterprise-edition,https://entremotivator.com/wp-content/uploads/2025/09/IMG_0137.png,2176152
"AI Call Matrix Professional Edition is designed for professional users and growing businesses. This comprehensive package includes advanced analytics, enhanced automation, professional reporting tools, and priority support. Ideal for professionals who need robust AI-powered solutions for their business operations.","AI Call Matrix - Professional Edition",ai-call-matrix-professional-edition,https://entremotivator.com/wp-content/uploads/2025/09/IMG_0136.png,2176151
"AI Call Matrix WhatsApp Plugin is a powerful integration tool that connects your AI Call Matrix system with WhatsApp messaging. This plugin enables automated messaging, communication management, and seamless integration with your existing AI Call Matrix workflow. Perfect for businesses looking to enhance their customer communication through WhatsApp automation.","AI Call Matrix - WhatsApp Plugin",ai-call-matrix-whatsapp-plugin,https://entremotivator.com/wp-content/uploads/2025/09/IMG_0135.png,2176150
"AI Call Matrix Core Edition provides essential AI-powered communication and productivity features for individuals and small businesses. This foundational package includes basic task management, communication tools, and AI assistance capabilities. Perfect for users new to AI Call Matrix who want to experience core functionality.","AI Call Matrix - Core Edition",ai-call-matrix-core-edition,https://entremotivator.com/wp-content/uploads/2025/09/IMG_0134.png,2176149
"AI Call Matrix Telegram Plugin provides seamless integration between your AI Call Matrix system and Telegram messaging platform. This professional business software enables automated messaging, bot management, and advanced communication features through Telegram. Perfect for businesses looking to leverage Telegram for customer communication and support.","AI Call Matrix - Telegram Plugin",ai-call-matrix-telegram-plugin,https://entremotivator.com/wp-content/uploads/2025/09/IMG_0133.png,2176148
"AI Call Matrix Premium AI Communication Software represents the pinnacle of artificial intelligence communication technology. This premium solution includes advanced AI brain processing, sophisticated communication protocols, and enterprise-grade features. Designed for organizations requiring the highest level of AI-powered communication capabilities.","AI Call Matrix - Premium AI Communication Software",ai-call-matrix-premium-ai-communication-software,https://entremotivator.com/wp-content/uploads/2025/09/IMG_0132.png,2176147
"AI Call Matrix Customer Service Edition V2 is an upgraded version of our customer service platform with enhanced AI capabilities. This version includes improved automation, better integration options, and advanced analytics for superior customer support management. Ideal for businesses requiring premium customer service solutions.","AI Call Matrix - Customer Service Edition V2",ai-call-matrix-customer-service-edition-v2,https://entremotivator.com/wp-content/uploads/2025/09/IMG_0130-1.png,2176146
"AI Call Matrix Customer Service Edition provides comprehensive customer support solutions with AI-powered tools. Features include intelligent chat support, automated ticket management, global support capabilities, and advanced customer interaction analytics. Perfect for businesses looking to enhance their customer service operations with artificial intelligence.","AI Call Matrix - Customer Service Edition",ai-call-matrix-customer-service-edition,https://entremotivator.com/wp-content/uploads/2025/09/IMG_0130.png,2176145
"AI Call Matrix Sales Edition is an enterprise-grade sales management platform powered by artificial intelligence. This comprehensive solution features advanced customer management, detailed sales analytics, call tracking capabilities, and intelligent lead generation tools. Designed for sales teams and enterprises seeking to maximize their sales performance through AI-driven insights and automation.","AI Call Matrix - Sales Edition",ai-call-matrix-sales-edition,https://entremotivator.com/wp-content/uploads/2025/09/IMG_0129.png,2176144
"AI Call Matrix Content Creation Edition is a comprehensive content creation platform that combines artificial intelligence with professional-grade tools. This software includes document creation, video editing capabilities, audio recording features, cloud storage integration, and advanced analytics. Perfect for content creators, marketers, and businesses looking to streamline their content production workflow with AI assistance.","AI Call Matrix - Content Creation Edition",ai-call-matrix-content-creation-edition,https://entremotivator.com/wp-content/uploads/2025/09/IMG_0128.png,2176143
"AI Call Matrix Leads & Metrics Edition is a powerful business intelligence platform designed for professional organizations. This comprehensive software solution provides advanced analytics, detailed charts, metrics tracking, and sophisticated lead management capabilities. Ideal for businesses seeking to optimize their sales processes and gain valuable insights through AI-powered data analysis.","AI Call Matrix - Leads & Metrics Edition",ai-call-matrix-leads-metrics-edition,https://entremotivator.com/wp-content/uploads/2025/09/IMG_0127.png,2176142
"AI Call Matrix Personal Assistant Edition is a revolutionary AI-powered software designed to enhance personal productivity. This comprehensive solution includes advanced task management, intelligent notifications, and productivity optimization features. Perfect for individuals looking to streamline their daily workflow and maximize efficiency with cutting-edge artificial intelligence technology.","AI Call Matrix - Personal Assistant Edition",ai-call-matrix-personal-assistant-edition,https://entremotivator.com/wp-content/uploads/2025/09/IMG_0125.png,2176141
,...,,,2176140
"🚀 Million$ Systems Checklist\nPowered by EntreMotivator\nAd Marketing – Run and optimize paid campaigns for max ROI\nEmail Marketing – Automate emails, nurture leads, boost engagement\nEvent – Manage registrations, tickets, reminders\nFunnel – Build lead-to-customer journeys with automation\nText/Phone – SMS + call outreach for direct connection\nWebsite – Professional online presence + branding hub\nHosting – Reliable, secure, and scalable infrastructure\nE-Commerce – Sell products with payments + shipping\nLanding Page – Capture leads with single-focus pages\nMessaging Marketing – Engage customers on chat apps\nPayment – Secure transactions + recurring billing\nBooking – Automate appointments & confirmations\nWebinar – Run live or evergreen virtual events\nCourse – Deliver trainings, memberships, certifications\nPodcast – Expand reach through audio content\nCMS/CRM – Manage content + customer relationships\nVideo Hosting – Professional, distraction-free streaming\nStorage – Cloud file management for assets\nDocuments – Create, share, and collaborate securely\nAutomation – Connect tools, reduce manual work\nCustomer Service – Tickets, chat, and AI support\nTracking & Metrics – Dashboards for campaigns & sales\nGraphic Design – Create branded visuals & promos\nVideo Design – Produce ads, explainers, and reels\nContent/Online – Manage blogs, resources, thought leadership\nSocial Media – Schedule and track posts across platforms\nDomain – Manage web addresses, DNS, and SSL\nVector Database – AI-powered data storage & retrieval\nAgent – Deploy AI agents for automation + support\nLLM – Generate, summarize, and enhance communication\nVibe Coding – Build custom tools fast with AI + automation\n⚡ EntreMotivator gives you every system you need to scale smarter, faster, and stronger.","Systems Checklist w password",systems-checklist,https://entremotivator.com/wp-content/uploads/2025/09/IMG_0265.png,2176107
"Smart Community Management for Discord","DiscordFlow AI",discordflow-ai,https://entremotivator.com/wp-content/uploads/2025/09/IMG_8204.png,2176066
"Smart Messaging Automation for Telegram","TelegramFlow AI",telegramflow-ai,https://entremotivator.com/wp-content/uploads/2025/09/IMG_8203.png,2176065
"Smart Data Automation for Google Sheets","SheetFlow AI",sheetflow-ai,https://entremotivator.com/wp-content/uploads/2025/09/IMG_8202.png,2176064
"Smart Automation for Your CRM","LevelUp AI",levelup-ai,https://entremotivator.com/wp-content/uploads/2025/09/IMG_8208.png,2176063
"Smart Messaging Automation for Twilio","TextFlow AI",textflow-ai,https://entremotivator.com/wp-content/uploads/2025/09/IMG_8212-1.png,2176062
"Smart Email Automation for Gmail","MailFlow AI",mailflow-ai,https://entremotivator.com/wp-content/uploads/2025/09/IMG_8205.png,2176061
"Smart Site Automation","WixFlow AI",wixflow-ai,https://entremotivator.com/wp-content/uploads/2025/09/IMG_8206.png,2176060
"Intelligent Commerce for Shopify Stores","ShopBuddy AI",shopbuddy-ai,https://entremotivator.com/wp-content/uploads/2025/09/IMG_8207.png,2176059
"Intelligent WordPress Automation","Alpress Bot",alpress-bot,,2176058
"Intelligent AI Agent for WordPress","AGENTFlow AI for WordPress",agentflow-ai-for-wordpress,https://entremotivator.com/wp-content/uploads/2025/09/IMG_8211-1.png,2176057
"Your Intelligent AI Agent","AGENTFlow AI",agentflow-ai,,2176056
"Your Intelligent WhatsApp Agent","ChatFlow AI",chatflow-ai,,2176055
,Aitoolkit,aitoolkit,,2175993
seat,"AI Agents & Automation: The Future of Sales, Leads & Business Growth - Class ai tool kit",ai-agents-automation-the-future-of-sales-leads-business-growth-class-ai-tool-kit,https://entremotivator.com/wp-content/uploads/2025/07/IMG_7073.png,2175941
,"AI Agents & Automation: The Future of Sales, Leads & Business Growth - Free",ai-agents-automation-the-future-of-sales-leads-business-growth-free-2,https://entremotivator.com/wp-content/uploads/2025/07/IMG_7073.png,2175917
,"AI Agents & Automation: The Future of Sales, Leads & Business Growth - Free",ai-agents-automation-the-future-of-sales-leads-business-growth-free,https://entremotivator.com/wp-content/uploads/2025/07/IMG_7073.png,2175889
"<p data-start=""220"" data-end=""470""><strong data-start=""220"" data-end=""304"">Auto Concierge Enterprises – Black Car Service & Luxury Auto Lifestyle Concierge</strong><br data-start=""304"" data-end=""307"" /><strong data-start=""307"" data-end=""333"">Serving Metro Atlanta:</strong> ATL Hartsfield-Jackson Airport • Midtown • Downtown • Buckhead • Marietta • Smyrna • Sandy Springs • Roswell • Alpharetta • and beyond</p>\n<p data-start=""472"" data-end=""518""><strong data-start=""472"" data-end=""518"">Your Auto Concierge Experience Begins Here</strong></p>\n<p data-start=""520"" data-end=""796"">At <strong data-start=""523"" data-end=""553"">Auto Concierge Enterprises</strong>, we offer more than just a ride — we deliver a premium lifestyle experience. Our <strong data-start=""635"" data-end=""673"">concierge-driven black car service</strong> and <strong data-start=""678"" data-end=""710"">auto lifestyle consultations</strong> are tailored to meet the highest standards of luxury, comfort, and personalized care.</p>\n<p data-start=""798"" data-end=""1106"">Whether you need <strong data-start=""815"" data-end=""836"">airport transfers</strong>, <strong data-start=""838"" data-end=""866"">corporate transportation</strong>, <strong data-start=""868"" data-end=""901"">wedding and event car service</strong>, or a custom auto experience, we’re here to elevate every journey. Our carefully curated fleet and elite concierge drivers ensure that your time on the road is as smooth and luxurious as your destination.</p>\n<p data-start=""1108"" data-end=""1316""><strong data-start=""1108"" data-end=""1133"">Our Services Include:</strong><br data-start=""1133"" data-end=""1136"" />✔️ Concierge-Driven Black Car Service<br data-start=""1173"" data-end=""1176"" />✔️ ATL Airport Transportation<br data-start=""1205"" data-end=""1208"" />✔️ Executive & Corporate Travel<br data-start=""1239"" data-end=""1242"" />✔️ Wedding & Special Event Car Service<br data-start=""1280"" data-end=""1283"" />✔️ Auto Lifestyle Consultations</p>\n<p data-start=""1318"" data-end=""1450"">From Buckhead to Alpharetta, we serve clients across Metro Atlanta with professionalism, discretion, and a dedication to excellence.</p>\n<p data-start=""1452"" data-end=""1607""><strong data-start=""1452"" data-end=""1483"">Luxury. Service. Precision.</strong><br data-start=""1483"" data-end=""1486"" />Book your next ride or consultation with <strong data-start=""1527"" data-end=""1557"">Auto Concierge Enterprises</strong> — where every detail is driven by concierge care.</p>\n<p data-start=""1609"" data-end=""1670"">📞 Contact us today to schedule your personalized experience.</p>","Auto Concierge Enterprises – Black Car Service & Luxury Auto Lifestyle Concierg (Copy) (Copy) (Copy) (Copy)",,https://entremotivator.com/wp-content/uploads/2025/07/IMG_0047.webp,2175878
"<p data-start=""220"" data-end=""470""><strong data-start=""220"" data-end=""304"">Auto Concierge Enterprises – Black Car Service & Luxury Auto Lifestyle Concierge</strong><br data-start=""304"" data-end=""307"" /><strong data-start=""307"" data-end=""333"">Serving Metro Atlanta:</strong> ATL Hartsfield-Jackson Airport • Midtown • Downtown • Buckhead • Marietta • Smyrna • Sandy Springs • Roswell • Alpharetta • and beyond</p>\n<p data-start=""472"" data-end=""518""><strong data-start=""472"" data-end=""518"">Your Auto Concierge Experience Begins Here</strong></p>\n<p data-start=""520"" data-end=""796"">At <strong data-start=""523"" data-end=""553"">Auto Concierge Enterprises</strong>, we offer more than just a ride — we deliver a premium lifestyle experience. Our <strong data-start=""635"" data-end=""673"">concierge-driven black car service</strong> and <strong data-start=""678"" data-end=""710"">auto lifestyle consultations</strong> are tailored to meet the highest standards of luxury, comfort, and personalized care.</p>\n<p data-start=""798"" data-end=""1106"">Whether you need <strong data-start=""815"" data-end=""836"">airport transfers</strong>, <strong data-start=""838"" data-end=""866"">corporate transportation</strong>, <strong data-start=""868"" data-end=""901"">wedding and event car service</strong>, or a custom auto experience, we’re here to elevate every journey. Our carefully curated fleet and elite concierge drivers ensure that your time on the road is as smooth and luxurious as your destination.</p>\n<p data-start=""1108"" data-end=""1316""><strong data-start=""1108"" data-end=""1133"">Our Services Include:</strong><br data-start=""1133"" data-end=""1136"" />✔️ Concierge-Driven Black Car Service<br data-start=""1173"" data-end=""1176"" />✔️ ATL Airport Transportation<br data-start=""1205"" data-end=""1208"" />✔️ Executive & Corporate Travel<br data-start=""1239"" data-end=""1242"" />✔️ Wedding & Special Event Car Service<br data-start=""1280"" data-end=""1283"" />✔️ Auto Lifestyle Consultations</p>\n<p data-start=""1318"" data-end=""1450"">From Buckhead to Alpharetta, we serve clients across Metro Atlanta with professionalism, discretion, and a dedication to excellence.</p>\n<p data-start=""1452"" data-end=""1607""><strong data-start=""1452"" data-end=""1483"">Luxury. Service. Precision.</strong><br data-start=""1483"" data-end=""1486"" />Book your next ride or consultation with <strong data-start=""1527"" data-end=""1557"">Auto Concierge Enterprises</strong> — where every detail is driven by concierge care.</p>\n<p data-start=""1609"" data-end=""1670"">📞 Contact us today to schedule your personalized experience.</p>","Auto Concierge Enterprises – Black Car Service & Luxury Auto Lifestyle Concierg (Copy) (Copy) (Copy)",,https://entremotivator.com/wp-content/uploads/2025/07/IMG_0047.webp,2175877
"<p data-start=""220"" data-end=""470""><strong data-start=""220"" data-end=""304"">Auto Concierge Enterprises – Black Car Service & Luxury Auto Lifestyle Concierge</strong><br data-start=""304"" data-end=""307"" /><strong data-start=""307"" data-end=""333"">Serving Metro Atlanta:</strong> ATL Hartsfield-Jackson Airport • Midtown • Downtown • Buckhead • Marietta • Smyrna • Sandy Springs • Roswell • Alpharetta • and beyond</p>\n<p data-start=""472"" data-end=""518""><strong data-start=""472"" data-end=""518"">Your Auto Concierge Experience Begins Here</strong></p>\n<p data-start=""520"" data-end=""796"">At <strong data-start=""523"" data-end=""553"">Auto Concierge Enterprises</strong>, we offer more than just a ride — we deliver a premium lifestyle experience. Our <strong data-start=""635"" data-end=""673"">concierge-driven black car service</strong> and <strong data-start=""678"" data-end=""710"">auto lifestyle consultations</strong> are tailored to meet the highest standards of luxury, comfort, and personalized care.</p>\n<p data-start=""798"" data-end=""1106"">Whether you need <strong data-start=""815"" data-end=""836"">airport transfers</strong>, <strong data-start=""838"" data-end=""866"">corporate transportation</strong>, <strong data-start=""868"" data-end=""901"">wedding and event car service</strong>, or a custom auto experience, we’re here to elevate every journey. Our carefully curated fleet and elite concierge drivers ensure that your time on the road is as smooth and luxurious as your destination.</p>\n<p data-start=""1108"" data-end=""1316""><strong data-start=""1108"" data-end=""1133"">Our Services Include:</strong><br data-start=""1133"" data-end=""1136"" />✔️ Concierge-Driven Black Car Service<br data-start=""1173"" data-end=""1176"" />✔️ ATL Airport Transportation<br data-start=""1205"" data-end=""1208"" />✔️ Executive & Corporate Travel<br data-start=""1239"" data-end=""1242"" />✔️ Wedding & Special Event Car Service<br data-start=""1280"" data-end=""1283"" />✔️ Auto Lifestyle Consultations</p>\n<p data-start=""1318"" data-end=""1450"">From Buckhead to Alpharetta, we serve clients across Metro Atlanta with professionalism, discretion, and a dedication to excellence.</p>\n<p data-start=""1452"" data-end=""1607""><strong data-start=""1452"" data-end=""1483"">Luxury. Service. Precision.</strong><br data-start=""1483"" data-end=""1486"" />Book your next ride or consultation with <strong data-start=""1527"" data-end=""1557"">Auto Concierge Enterprises</strong> — where every detail is driven by concierge care.</p>\n<p data-start=""1609"" data-end=""1670"">📞 Contact us today to schedule your personalized experience.</p>","Auto Concierge Enterprises – Black Car Service & Luxury Auto Lifestyle Concierg (Copy) (Copy)",,https://entremotivator.com/wp-content/uploads/2025/07/IMG_0047.webp,2175876
"<p data-start=""220"" data-end=""470""><strong data-start=""220"" data-end=""304"">Auto Concierge Enterprises – Black Car Service & Luxury Auto Lifestyle Concierge</strong><br data-start=""304"" data-end=""307"" /><strong data-start=""307"" data-end=""333"">Serving Metro Atlanta:</strong> ATL Hartsfield-Jackson Airport • Midtown • Downtown • Buckhead • Marietta • Smyrna • Sandy Springs • Roswell • Alpharetta • and beyond</p>\n<p data-start=""472"" data-end=""518""><strong data-start=""472"" data-end=""518"">Your Auto Concierge Experience Begins Here</strong></p>\n<p data-start=""520"" data-end=""796"">At <strong data-start=""523"" data-end=""553"">Auto Concierge Enterprises</strong>, we offer more than just a ride — we deliver a premium lifestyle experience. Our <strong data-start=""635"" data-end=""673"">concierge-driven black car service</strong> and <strong data-start=""678"" data-end=""710"">auto lifestyle consultations</strong> are tailored to meet the highest standards of luxury, comfort, and personalized care.</p>\n<p data-start=""798"" data-end=""1106"">Whether you need <strong data-start=""815"" data-end=""836"">airport transfers</strong>, <strong data-start=""838"" data-end=""866"">corporate transportation</strong>, <strong data-start=""868"" data-end=""901"">wedding and event car service</strong>, or a custom auto experience, we’re here to elevate every journey. Our carefully curated fleet and elite concierge drivers ensure that your time on the road is as smooth and luxurious as your destination.</p>\n<p data-start=""1108"" data-end=""1316""><strong data-start=""1108"" data-end=""1133"">Our Services Include:</strong><br data-start=""1133"" data-end=""1136"" />✔️ Concierge-Driven Black Car Service<br data-start=""1173"" data-end=""1176"" />✔️ ATL Airport Transportation<br data-start=""1205"" data-end=""1208"" />✔️ Executive & Corporate Travel<br data-start=""1239"" data-end=""1242"" />✔️ Wedding & Special Event Car Service<br data-start=""1280"" data-end=""1283"" />✔️ Auto Lifestyle Consultations</p>\n<p data-start=""1318"" data-end=""1450"">From Buckhead to Alpharetta, we serve clients across Metro Atlanta with professionalism, discretion, and a dedication to excellence.</p>\n<p data-start=""1452"" data-end=""1607""><strong data-start=""1452"" data-end=""1483"">Luxury. Service. Precision.</strong><br data-start=""1483"" data-end=""1486"" />Book your next ride or consultation with <strong data-start=""1527"" data-end=""1557"">Auto Concierge Enterprises</strong> — where every detail is driven by concierge care.</p>\n<p data-start=""1609"" data-end=""1670"">📞 Contact us today to schedule your personalized experience.</p>","Auto Concierge Enterprises – Black Car Service & Luxury Auto Lifestyle Concierg (Copy)",,https://entremotivator.com/wp-content/uploads/2025/07/IMG_0047.webp,2175875
,Product,product,,2175860
"<p data-start=""220"" data-end=""470""><strong data-start=""220"" data-end=""304"">Auto Concierge Enterprises – Black Car Service & Luxury Auto Lifestyle Concierge</strong><br data-start=""304"" data-end=""307"" /><strong data-start=""307"" data-end=""333"">Serving Metro Atlanta:</strong> ATL Hartsfield-Jackson Airport • Midtown • Downtown • Buckhead • Marietta • Smyrna • Sandy Springs • Roswell • Alpharetta • and beyond</p>\n<p data-start=""472"" data-end=""518""><strong data-start=""472"" data-end=""518"">Your Auto Concierge Experience Begins Here</strong></p>\n<p data-start=""520"" data-end=""796"">At <strong data-start=""523"" data-end=""553"">Auto Concierge Enterprises</strong>, we offer more than just a ride — we deliver a premium lifestyle experience. Our <strong data-start=""635"" data-end=""673"">concierge-driven black car service</strong> and <strong data-start=""678"" data-end=""710"">auto lifestyle consultations</strong> are tailored to meet the highest standards of luxury, comfort, and personalized care.</p>\n<p data-start=""798"" data-end=""1106"">Whether you need <strong data-start=""815"" data-end=""836"">airport transfers</strong>, <strong data-start=""838"" data-end=""866"">corporate transportation</strong>, <strong data-start=""868"" data-end=""901"">wedding and event car service</strong>, or a custom auto experience, we’re here to elevate every journey. Our carefully curated fleet and elite concierge drivers ensure that your time on the road is as smooth and luxurious as your destination.</p>\n<p data-start=""1108"" data-end=""1316""><strong data-start=""1108"" data-end=""1133"">Our Services Include:</strong><br data-start=""1133"" data-end=""1136"" />✔️ Concierge-Driven Black Car Service<br data-start=""1173"" data-end=""1176"" />✔️ ATL Airport Transportation<br data-start=""1205"" data-end=""1208"" />✔️ Executive & Corporate Travel<br data-start=""1239"" data-end=""1242"" />✔️ Wedding & Special Event Car Service<br data-start=""1280"" data-end=""1283"" />✔️ Auto Lifestyle Consultations</p>\n<p data-start=""1318"" data-end=""1450"">From Buckhead to Alpharetta, we serve clients across Metro Atlanta with professionalism, discretion, and a dedication to excellence.</p>\n<p data-start=""1452"" data-end=""1607""><strong data-start=""1452"" data-end=""1483"">Luxury. Service. Precision.</strong><br data-start=""1483"" data-end=""1486"" />Book your next ride or consultation with <strong data-start=""1527"" data-end=""1557"">Auto Concierge Enterprises</strong> — where every detail is driven by concierge care.</p>\n<p data-start=""1609"" data-end=""1670"">📞 Contact us today to schedule your personalized experience.</p>","Auto Concierge Enterprises – Black Car Service & Luxury Auto Lifestyle Concierg",black-service,https://entremotivator.com/wp-content/uploads/2025/07/IMG_0047.webp,2175817
"Onset AI Systems Masterclass is a cutting-edge educational course that dives into the intricacies of artificial intelligence, media generation, and much more. This masterclass provides robust insights into AI learning systems, practical applications in media generation, and equips participants with ten diverse categories that include AI foundations, neural networks, machine learning, ethical AI usage, and more.","OnSet Systems Masterclass",onset-systems-masterclass,,2175788
"MasterClass 101 with 100 included agents","MasterClass 101 with 100 included agents",masterclass-101-with-100-included-agents,,2175787
seat,"AI Agents & Automation: The Future of Sales, Leads & Business Growth - Class seat",the-6-figure-ai-mastermind-class-seat,https://entremotivator.com/wp-content/uploads/2025/07/IMG_6586.png,2175723
"Workbook for productivity, managing your automations, managing your business systems, and checking your business. Project management and a workbook for maximum revenue potential. Which you can't track, you can't measure.","AVA CEO Workbook, Business Automation Workbook",ava-ceo-workbook-business-automation-workbook,,2175714
"<!DOCTYPE html>\n<html lang=""en"">\n<head>\n  <meta charset=""UTF-8"">\n  <meta name=""viewport"" content=""width=device-width, initial-scale=1"">\n  <title>Smart Voice Assistant for Business</title>\n  <style>\n    body {\n      font-family: 'Segoe UI', sans-serif;\n      background-color: #f8f9fa;\n      margin: 0;\n      padding: 0;\n    }\n    .container {\n      max-width: 900px;\n      margin: 40px auto;\n      background-color: #fff;\n      padding: 40px;\n      border-radius: 10px;\n      box-shadow: 0 4px 12px rgba(0,0,0,0.1);\n    }\n    h1 {\n      color: #2c3e50;\n      font-size: 32px;\n      margin-bottom: 10px;\n    }\n    h2 {\n      color: #34495e;\n      margin-top: 40px;\n    }\n    p {\n      color: #555;\n      line-height: 1.6;\n    }\n    ul {\n      padding-left: 20px;\n      color: #333;\n    }\n    li {\n      margin-bottom: 10px;\n    }\n    .badge {\n      display: inline-block;\n      background-color: #3498db;\n      color: #fff;\n      padding: 6px 12px;\n      border-radius: 20px;\n      font-size: 12px;\n      margin-right: 10px;\n      margin-bottom: 10px;\n    }\n    .highlight {\n      color: #27ae60;\n      font-weight: bold;\n    }\n    .cta {\n      display: block;\n      text-align: center;\n      margin-top: 40px;\n    }\n    .btn {\n      background-color: #27ae60;\n      color: white;\n      padding: 14px 30px;\n      border: none;\n      border-radius: 6px;\n      font-size: 16px;\n      cursor: pointer;\n      transition: background-color 0.3s ease;\n      text-decoration: none;\n    }\n    .btn:hover {\n      background-color: #219150;\n    }\n    .limited-offer {\n      background-color: #e74c3c;\n      color: white;\n      padding: 15px 20px;\n      border-radius: 8px;\n      font-size: 18px;\n      font-weight: bold;\n      text-align: center;\n      margin-bottom: 30px;\n      animation: pulse 1.5s infinite;\n    }\n    @keyframes pulse {\n      0% { transform: scale(1); }\n      50% { transform: scale(1.03); }\n      100% { transform: scale(1); }\n    }\n  </style>\n</head>\n<body>\n\n  <div class=""container"">\n    <div class=""limited-offer"">\n      ⏳ Limited Time Offer: Get 30% Off – Ends Soon!\n    </div>\n\n    <h1>🤖 Personalized Smart Voice Assistant for Business</h1>\n    <p class=""highlight"">Close More Deals, Work Less – Let Your Assistant Handle the Admin</p>\n\n    <h2>What It Does</h2>\n    <p>Boost your productivity with an AI-powered voice assistant built for business. From capturing leads to sending invoices, it's your always-on digital sales helper.</p>\n\n    <h2>Features</h2>\n    <ul>\n      <li><span class=""badge"">Lead Management</span> Capture, track, and prioritize leads automatically.</li>\n      <li><span class=""badge"">Sales Follow-Ups</span> Reminders and smart messaging to follow up consistently.</li>\n      <li><span class=""badge"">Invoicing</span> Instantly create and send branded invoices via voice.</li>\n      <li><span class=""badge"">Appointment Setting</span> Book and manage meetings with calendar sync.</li>\n      <li><span class=""badge"">CRM Integration</span> Works with HubSpot, Salesforce, Zoho, and more.</li>\n      <li><span class=""badge"">Voice Commands</span> Fully hands-free with natural language understanding.</li>\n    </ul>\n\n    <h2>Who It's For</h2>\n    <p>✔️ Sales professionals, freelancers, real estate agents, and small business owners looking to scale without extra admin burden.</p>\n\n    <h2>Why Choose It?</h2>\n    <ul>\n      <li>⏱️ Save hours every week</li>\n      <li>📅 Never miss a follow-up</li>\n      <li>💼 Focus on closing, not data entry</li>\n      <li>🔒 Your data stays secure with enterprise-grade encryption</li>\n    </ul>\n\n    <div class=""cta"">\n      <a href=""#"" class=""btn"">Claim 30% Off Now</a>\n    </div>\n  </div>\n\n</body>\n</html>\n","Personalized Smart Voice Assistant – Your Intelligent Everyday Companion",personalized-smart-voice-assistant-your-intelligent-everyday-companion,https://entremotivator.com/wp-content/uploads/2025/06/ChatGPT-Image-Jun-28-2025-at-10_58_10-AM-2.png,2175672
"<h3><strong>Web Design Training Class</strong></h3>\n<strong>Hosted by ATM Agency</strong>\n<strong>Learn our Six-Figure Techniques for Web Design and AI-Powered Marketing!</strong>\n\n<hr />\n\n<h4><strong>Description:</strong></h4>\nTransform your career with ATM Agency’s <strong>Web Design Training Class</strong>! Gain in-depth knowledge and hands-on experience in designing professional, profitable websites using cutting-edge tools and techniques.\n\nIn this course, you’ll learn:\n<ul>\n 	<li><strong>Domain & Server Setup</strong>: The foundation of every successful website.</li>\n 	<li><strong>System Evaluation</strong>: Understand and optimize website systems.</li>\n 	<li><strong>Simple AI Web Design 101</strong>: Leverage AI to streamline your web design process.</li>\n 	<li><strong>Subscription Systems</strong>: Create recurring revenue streams.</li>\n 	<li><strong>AI App Creation</strong>: Build intelligent applications to boost business potential.</li>\n 	<li><strong>Ecommerce Training</strong>: Master the essentials of creating and running online stores.</li>\n 	<li><strong>Automation Training</strong>: Save time and increase efficiency with automation tools.</li>\n 	<li><strong>Funnel Training</strong>: Learn strategies to convert visitors into paying customers.</li>\n 	<li><strong>AI SEO Training</strong>: Optimize websites for maximum visibility with AI-driven strategies.</li>\n</ul>\n\n<hr />\n\n<h4><strong>What’s Included:</strong></h4>\n<ul>\n 	<li><strong>Live Website Training</strong></li>\n 	<li><strong>Starter Kit</strong></li>\n 	<li><strong>Certificate of Completion</strong></li>\n</ul>\n\n<hr />\n\n<h4><strong>Pricing:</strong></h4>\n<ul>\n 	<li><strong>Full Course Price</strong>: $4,999</li>\n 	<li><strong>Non-Refundable Deposit</strong>: $500</li>\n</ul>\n\n<hr />\n\n<h4><strong>How to Book:</strong></h4>\nVisit <strong><a href=""https://ATMAgency.com"" target=""_new"" rel=""noopener"">ATMAgency.com</a></strong> to reserve your spot today!\n\n<hr />\n\n<strong>Note</strong>: Limited seats available. Don’t miss your chance to learn from the experts and unlock six-figure earning potential!","Web Design Training Class (Copy)",,https://entremotivator.com/wp-content/uploads/2024/12/webbb.jpg,2175671
"Step into the world of advanced AI technology with the Ollama and Streamlit DIY ChatGPT Clone app and course. This exceptional product allows you to dive deep into the realm of artificial intelligence by creating your very own ChatGPT clone from scratch. Whether you're a tech enthusiast, a student, or a professional looking to enhance your skills, this product is the perfect gateway to explore the fascinating world of AI. \n  \n With Ollama and Streamlit, you have the opportunity to build a customized ChatGPT clone that suits your specific needs and preferences. This hands-on course provides you with all the tools and knowledge required to develop a cutting-edge AI application. From understanding the fundamentals of natural language processing to implementing advanced machine learning algorithms, this product equips you with the expertise to create intelligent chatbots and virtual assistants. \n  \n Unlock your creativity and innovation with the Ollama and Streamlit DIY ChatGPT Clone app and course. Immerse yourself in the endless possibilities of AI technology and unleash your potential to revolutionize the way we interact with machines. Join the AI revolution today and embark on a journey of discovery and achievement with this groundbreaking product.","Ollama & Streamlit DIY ChatGPT Clone App & Course Bundle",ollama-and-streamlit-diy-chatgpt-clone,,2175345
"SERVER\n\n-Server Set Up\n\n-SSL Site Sercurity\n\n-Domain Connection\n\n-Professional email\n\n-Team Emails\n\n-Email Forwards\n\n-Server Training\n\n Custom real estaTE \n\n-CRM Set Up\n\n-Lead Forms\n\n-Booking System\n\n\n-Back up Insurance\n\n-Custom SEO Report\n\n-Keyword SEO lending Pages\n\n\n-Customer login\n\n-Staff login\n\n-Automations\n\n \n\n \n\n3 Recorded Trainings are provided\n\n-Server Training\n\n-System training\n\n-Marketing Training\n\n \n\npremium lisence\n\n-BOOKING\n\n-EVENTS\n\n-BACKUP\n\n-SERCUIRY\n\n-AUTOMATIONS\n\n-Page Builder\n\n-Page Builder Extentetion","Custom Real Estate CRM and Leaqd management system",custom-real-estate-crm-and-leaqd-management-system,https://entremotivator.com/wp-content/uploads/2025/01/example-1.png,2175150
"<h3><strong>Web Design Training Class</strong></h3>\n<strong>Hosted by ATM Agency</strong>\n<strong>Learn our Six-Figure Techniques for Web Design and AI-Powered Marketing!</strong>\n\n<hr />\n\n<h4><strong>Description:</strong></h4>\nTransform your career with ATM Agency’s <strong>Web Design Training Class</strong>! Gain in-depth knowledge and hands-on experience in designing professional, profitable websites using cutting-edge tools and techniques.\n\nIn this course, you’ll learn:\n<ul>\n 	<li><strong>Domain & Server Setup</strong>: The foundation of every successful website.</li>\n 	<li><strong>System Evaluation</strong>: Understand and optimize website systems.</li>\n 	<li><strong>Simple AI Web Design 101</strong>: Leverage AI to streamline your web design process.</li>\n 	<li><strong>Subscription Systems</strong>: Create recurring revenue streams.</li>\n 	<li><strong>AI App Creation</strong>: Build intelligent applications to boost business potential.</li>\n 	<li><strong>Ecommerce Training</strong>: Master the essentials of creating and running online stores.</li>\n 	<li><strong>Automation Training</strong>: Save time and increase efficiency with automation tools.</li>\n 	<li><strong>Funnel Training</strong>: Learn strategies to convert visitors into paying customers.</li>\n 	<li><strong>AI SEO Training</strong>: Optimize websites for maximum visibility with AI-driven strategies.</li>\n</ul>\n\n<hr />\n\n<h4><strong>What’s Included:</strong></h4>\n<ul>\n 	<li><strong>Live Website Training</strong></li>\n 	<li><strong>Starter Kit</strong></li>\n 	<li><strong>Certificate of Completion</strong></li>\n</ul>\n\n<hr />\n\n<h4><strong>Pricing:</strong></h4>\n<ul>\n 	<li><strong>Full Course Price</strong>: $4,999</li>\n 	<li><strong>Non-Refundable Deposit</strong>: $500</li>\n</ul>\n\n<hr />\n\n<h4><strong>How to Book:</strong></h4>\nVisit <strong><a href=""https://ATMAgency.com"" target=""_new"" rel=""noopener"">ATMAgency.com</a></strong> to reserve your spot today!\n\n<hr />\n\n<strong>Note</strong>: Limited seats available. Don’t miss your chance to learn from the experts and unlock six-figure earning potential!","Web Design Training Class",web-design-training-class,https://entremotivator.com/wp-content/uploads/2024/12/webbb.jpg,2175035
,"Chatgpt Clone using ollama",chatgpt-clone-using-ollama,,2175011
,"Custom business Systems",custom-business-systems,,2174999
"General ","AI Mastermind Online Weekly: General",ai-mastermind-online-weekly-general,,2174844
,"7 website app and download",7-website-app-and-download,,2174836
"product  details","Custom Invoice- NAme",custom-invoice-name,,2174705
"App design and publishing\n\n \n\nApp publishing\nGoogle play store\nApple Store\nApi for easy login with social\nApp icon\nApp source code\nApp splash screen","App design and publishing",app-design-and-publishing,,2174678
"25 custom shirts","25 custom shirts",25-custom-shirts,,2174671
,STR,str,,2174662
,"How To Build Your Own PowerFul AI- using Ollama",how-to-build-your-own-powerful-ai,,2174657
,"custom website clone, and hosting set up",custom-website-clone-and-hosting-set-up,,2174604
"Secure your spot early and enjoy a discounted rate for the ""Build Your Own AI and App (Python) Masterclass."" This package is perfect for those who want to delve into the world of artificial intelligence and app development at an affordable price. Don't miss out on this limited-time offer to kickstart your learning journey.","Build Your Own AI and App (Python) masterclass: Early bird",build-your-own-ai-and-app-python-masterclass-early-bird,,2174593
"<code>\n\n\n\n</code>\n\n<style>\n        body {<br />\n            font-family: Arial, sans-serif;<br />\n            background-color: #000;<br />\n            color: #fff;<br />\n            margin: 0;<br />\n            padding: 0;<br />\n        }<br />\n        .container {<br />\n            max-width: 800px;<br />\n            margin: 50px auto;<br />\n            padding: 20px;<br />\n            background-color: #111;<br />\n            border-radius: 10px;<br />\n            box-shadow: 0 0 15px rgba(255, 0, 0, 0.7);<br />\n            text-align: center;<br />\n        }<br />\n        h1 {<br />\n            color: #ff0000;<br />\n        }<br />\n        p {<br />\n            font-size: 18px;<br />\n            line-height: 1.6;<br />\n        }<br />\n        .features {<br />\n            text-align: left;<br />\n            padding: 20px;<br />\n            background-color: #222;<br />\n            border-radius: 10px;<br />\n            margin-top: 20px;<br />\n        }<br />\n        .features ul {<br />\n            list-style: none;<br />\n            padding: 0;<br />\n        }<br />\n        .features li {<br />\n            background: #ff0000;<br />\n            padding: 10px;<br />\n            margin: 5px 0;<br />\n            border-radius: 5px;<br />\n        }<br />\n        .cta {<br />\n            margin-top: 20px;<br />\n        }<br />\n        .cta a {<br />\n            display: inline-block;<br />\n            background: #ff0000;<br />\n            color: #fff;<br />\n            padding: 15px 25px;<br />\n            text-decoration: none;<br />\n            font-size: 20px;<br />\n            font-weight: bold;<br />\n            border-radius: 5px;<br />\n            box-shadow: 0 0 10px rgba(255, 0, 0, 0.7);<br />\n            transition: 0.3s;<br />\n        }<br />\n        .cta a:hover {<br />\n            background: #cc0000;<br />\n            box-shadow: 0 0 15px rgba(255, 0, 0, 1);<br />\n        }<br />\n    </style>\n\n \n<div class=""container"">\n<h1>Build Your Own Powerful AI Agent</h1>\nUnlock the potential of AI by learning how to build your own powerful AI agent! This exclusive consultation combines a comprehensive e-course with personalized 1-on-1 coaching.\n<div class=""features"">\n<h2>What You’ll Get:</h2>\n<ul>\n 	<li>✅ Step-by-Step E-Course</li>\n 	<li>✅ Hands-On Development</li>\n 	<li>✅ 1-on-1 Coaching Sessions</li>\n 	<li>✅ Best Practices & Optimization</li>\n 	<li>✅ Integration & Deployment</li>\n</ul>\n</div>\n<div class=""cta""><a href=""#"">Book Your Consultation Now 🚀</a></div>\n</div>\n ","Building Your Own Powerful Ai Agent E-course & 1on1",building-your-own-powerful-ai-e-course,https://entremotivator.com/wp-content/uploads/2025/02/My-mockup-13-from-Premium-Devices-Mockup-Kit-scaled.jpg,2174507
"<p data-start=""0"" data-end=""64""><strong data-start=""0"" data-end=""62"">AI Agency Masterclass – Build & Scale with 250+ AI Agents!</strong></p>\n<p data-start=""66"" data-end=""379"">Unlock the future of business automation with our <strong data-start=""116"" data-end=""141"">AI Agency Masterclass</strong>—your ultimate guide to building, managing, and scaling a powerful AI-driven agency. With access to <strong data-start=""241"" data-end=""273"">over 250 pre-built AI agents</strong>, you'll learn how to streamline operations, boost productivity, and generate revenue like never before.</p>\n\n<h3 data-start=""381"" data-end=""407""><strong data-start=""385"" data-end=""405"">What You'll Get:</strong></h3>\n<p data-start=""408"" data-end=""949"">✅ <strong data-start=""410"" data-end=""428"">250+ AI Agents</strong> – Pre-trained for tasks like sales, marketing, customer support, content creation, automation, and more.<br data-start=""533"" data-end=""536"" />✅ <strong data-start=""538"" data-end=""563"">Step-by-Step Training</strong> – Master AI integration, prompt engineering, and custom agent development.<br data-start=""638"" data-end=""641"" />✅ <strong data-start=""643"" data-end=""673"">No-Code & Advanced Options</strong> – Whether you're a beginner or an expert, build AI solutions effortlessly.<br data-start=""748"" data-end=""751"" />✅ <strong data-start=""753"" data-end=""780"">Monetization Strategies</strong> – Discover how to turn AI into a profitable agency business.<br data-start=""841"" data-end=""844"" />✅ <strong data-start=""846"" data-end=""873"">Real-World Case Studies</strong> – Learn from successful AI-driven businesses and apply proven techniques.</p>\n\n<h3 data-start=""951"" data-end=""977""><strong data-start=""955"" data-end=""975"">Who Is This For?</strong></h3>\n<p data-start=""978"" data-end=""1279"">🔹 Entrepreneurs & Business Owners looking to automate and scale operations.<br data-start=""1054"" data-end=""1057"" />🔹 Marketers & Agencies wanting to supercharge client results with AI.<br data-start=""1127"" data-end=""1130"" />🔹 Tech Enthusiasts & Developers eager to build AI-powered tools.<br data-start=""1195"" data-end=""1198"" />🔹 Freelancers & Side Hustlers ready to start an AI agency with minimal effort.</p>\n<p data-start=""1281"" data-end=""1384"" data-is-last-node="""" data-is-only-node="""">Don’t miss your chance to tap into the AI revolution. <strong data-start=""1335"" data-end=""1381"">Enroll now and build your AI agency today!</strong> 🚀</p>","Ai PAck and AI Digital Agency Pack",ai-pack-and-ai-digital-agency-pack,https://entremotivator.com/wp-content/uploads/2025/02/My-mockup-13-from-Premium-Devices-Mockup-Kit-scaled.jpg,2174460
""" AI VA CEO : The Digital Workforce "" book written by Donmenico Hudson",""" AI VA CEO : The Digital Workforce "" ebook book written by Donmenico Hudson",ai-va-ceo-the-digital-workforce-softcover-written-by-donmenico-hudson,https://entremotivator.com/wp-content/uploads/2024/01/My-mockup-6-from-Cosmic-Branding-Pack-1-980x653-1.jpg,2174458
,"Bootcamp AIVACEO: ai va ceo",bootcamp-aivaceo-ai-va-ceo,,2174457
"SERVER\n\n-Server Set Up\n\n-SSL Site Sercurity\n\n-Domain Connection\n\n-Professional email\n\n-Team Emails\n\n-Email Forwards\n\n-Server Training\n\n \n\n-CRM Set Up\n\n-Lead Forms\n\n-Booking System\n\n-Event Booking System\n\n-Back up Insurance\n\n-Custom SEO Report\n\n-Keyword SEO lending Pages\n\n-Loan Calclator\n\n-Customer login\n\n-Staff login\n\n-Automations\n\n \n\n \n\n3 Recorded Trainings are provided\n\n-Server Training\n\n-System training\n\n-Marketing Training\n\n \n\npremium lisence\n\n-BOOKING\n\n-EVENTS\n\n-BACKUP\n\n-SERCUIRY\n\n-AUTOMATIONS\n\n-Page Builder\n\n-Page Builder Extentetion\n\n \n\n \n\n \n\n \n\n ","full business CRM Lending Site Deal (1 year) setup fee only",full-business-crm-lending-site-deal-1-year-setup-fee-only,https://entremotivator.com/wp-content/uploads/2023/10/cinch-editgreenn.png,2174400
,"How To Make Money Today with A.I. GPT NETWORK sponser: Guest pass",how-to-make-money-today-with-a-i-gpt-network-sponser-guest-pass,,2173704
"Credit ai web platform details in invoice\n\nand\n\n<strong>Server Setup:</strong>\n<ol>\n 	<li>Choose a hosting provider.</li>\n 	<li>Purchase a domain name.</li>\n 	<li>Set up a virtual private server (VPS) or dedicated server.</li>\n 	<li>Configure DNS settings to point the domain to the server.</li>\n 	<li>Install an operating system (e.g., Linux).</li>\n 	<li>Secure the server with firewall rules.</li>\n 	<li>Create SSH keys for secure access.</li>\n 	<li>Disable root login via SSH.</li>\n 	<li>Install a web server (e.g., Apache or Nginx).</li>\n 	<li>Configure server security settings.</li>\n 	<li>Install a database server (e.g., MySQL or MariaDB).</li>\n 	<li>Secure the database server with a password.</li>\n 	<li>Install PHP and necessary extensions.</li>\n 	<li>Set up server monitoring tools.</li>\n 	<li>Implement regular backups.</li>\n</ol>\n<strong>WordPress Installation:</strong>\n<ol start=""16"">\n 	<li>Download the latest version of WordPress.</li>\n 	<li>Upload WordPress files to the server.</li>\n 	<li>Create a MySQL database for WordPress.</li>\n 	<li>Configure the wp-config.php file.</li>\n 	<li>Run the WordPress installation script.</li>\n 	<li>Set up permalinks for SEO-friendly URLs.</li>\n 	<li>Install an SSL certificate for secure connections.</li>\n 	<li>Configure email settings for WordPress.</li>\n</ol>\n<strong>Security Setup:</strong>\n<ol start=""24"">\n 	<li>Install a security plugin (e.g., Wordfence or Sucuri).</li>\n 	<li>Enable two-factor authentication for WordPress.</li>\n 	<li>Set strong passwords for all users.</li>\n 	<li>Limit login attempts to prevent brute force attacks.</li>\n 	<li>Disable directory listing.</li>\n 	<li>Hide WordPress version information.</li>\n 	<li>Regularly update WordPress and plugins.</li>\n 	<li>Configure a website firewall.</li>\n 	<li>Monitor server logs for suspicious activity.</li>\n</ol>\n<strong>CRM Integration:</strong>\n<ol start=""33"">\n 	<li>Choose a CRM software (e.g., HubSpot, Salesforce, or Zoho).</li>\n 	<li>Create an account on the CRM platform.</li>\n 	<li>Configure CRM user roles and permissions.</li>\n 	<li>Integrate the CRM with your WordPress site.</li>\n 	<li>Set up CRM contact forms on your website.</li>\n 	<li>Automate lead capture and data synchronization.</li>\n 	<li>Create custom fields to capture relevant information.</li>\n 	<li>Define lead scoring criteria.</li>\n 	<li>Create automated email marketing campaigns.</li>\n</ol>\n<strong>Website Design and Customization:</strong>\n<ol start=""42"">\n 	<li>Choose a WordPress theme.</li>\n 	<li>Customize the theme to match the client's branding.</li>\n 	<li>Set up a navigation menu.</li>\n 	<li>Create necessary pages (e.g., Home, About, Services).</li>\n 	<li>Install essential plugins (e.g., SEO, caching, analytics).</li>\n 	<li>Configure widgets for the sidebar or footer.</li>\n 	<li>Optimize images for faster loading times.</li>\n 	<li>Ensure the website is mobile-responsive.</li>\n 	<li>Test the website's usability and functionality.</li>\n</ol>\n<strong>Content Management:</strong>\n<ol start=""51"">\n 	<li>Set up a blog section.</li>\n 	<li>Create and publish high-quality content.</li>\n 	<li>Implement on-page SEO techniques.</li>\n 	<li>Schedule regular content updates.</li>\n 	<li>Add an RSS feed for syndication.</li>\n 	<li>Create a content calendar.</li>\n 	<li>Optimize images for SEO.</li>\n 	<li>Configure social sharing buttons.</li>\n</ol>\n<strong>E-commerce Integration (if applicable):</strong>\n<ol start=""59"">\n 	<li>Install an e-commerce plugin (e.g., WooCommerce).</li>\n 	<li>Add and manage products or services.</li>\n 	<li>Set up a shopping cart and checkout process.</li>\n 	<li>Configure payment gateways.</li>\n 	<li>Implement SSL for secure transactions.</li>\n 	<li>Test the e-commerce functionality.</li>\n</ol>\n<strong>Analytics and Tracking:</strong>\n<ol start=""65"">\n 	<li>Install Google Analytics.</li>\n 	<li>Set up Google Search Console.</li>\n 	<li>Configure event tracking for user interactions.</li>\n 	<li>Monitor website traffic and user behavior.</li>\n 	<li>Set up goals and conversion tracking.</li>\n 	<li>Integrate CRM data with analytics.</li>\n</ol>\n<strong>Search Engine Optimization:</strong>\n<ol start=""71"">\n 	<li>Optimize meta titles and descriptions.</li>\n 	<li>Create an XML sitemap.</li>\n 	<li>Submit the sitemap to search engines.</li>\n 	<li>Optimize page speed and mobile-friendliness.</li>\n 	<li>Conduct keyword research and implement on-page SEO.</li>\n 	<li>Build backlinks for better search rankings.</li>\n</ol>\n<strong>Email Marketing Integration:</strong>\n<ol start=""77"">\n 	<li>Set up an email marketing service (e.g., Mailchimp).</li>\n 	<li>Create and segment email lists.</li>\n 	<li>Design email templates.</li>\n 	<li>Automate email campaigns based on CRM data.</li>\n 	<li>Monitor email performance.</li>\n</ol>\n<strong>Social Media Integration:</strong>\n<ol start=""82"">\n 	<li>Connect social media accounts to the website.</li>\n 	<li>Add social sharing buttons to content.</li>\n 	<li>Automate social media posting.</li>\n 	<li>Monitor social media engagement.</li>\n 	<li>Respond to comments and messages.</li>\n</ol>\n<strong>Lead Generation and Conversion:</strong>\n<ol start=""87"">\n 	<li>Create compelling calls to action (CTAs).</li>\n 	<li>Implement exit-intent pop-ups.</li>\n 	<li>A/B test landing pages.</li>\n 	<li>Offer lead magnets (e.g., ebooks or webinars).</li>\n 	<li>Implement live chat for real-time customer support.</li>\n 	<li>Create a referral program.</li>\n</ol>\n<strong>Legal and Compliance:</strong>\n<ol start=""93"">\n 	<li>Add a privacy policy and terms of service.</li>\n 	<li>Ensure compliance with GDPR and other regulations.</li>\n 	<li>Set up cookie consent notices.</li>\n 	<li>Provide clear opt-in and opt-out options.</li>\n</ol>\n<strong>Training and Documentation:</strong>\n<ol start=""97"">\n 	<li>Train the client on website and CRM management.</li>\n 	<li>Provide documentation for maintenance.</li>\n 	<li>Set up a support system for client inquiries.</li>\n 	<li>Develop a long-term maintenance plan.</li>\n</ol>\nThis list covers the essential steps for setting up a server, WordPress site, and CRM integration for a client. The specific requirements may vary depending on the client's needs and the chosen CRM and hosting provider.","Custom credit ai",custom-credit-ai,,2173669
"full site loan template","J Bing -Website",j-bing-website,https://entremotivator.com/wp-content/uploads/2023/06/Xclusive-APS-scaled.jpg,2173651
"SERVER\n\n-Server Set Up\n\n-SSL Site Sercurity\n\n-Domain Connection\n\n-Professional email\n\n-Team Emails\n\n-Email Forwards\n\n-Server Training\n\n \n\n-CRM Set Up\n\n-Lead Forms\n\n-Booking System\n\n-Event Booking System\n\n-Back up Insurance\n\n-Custom SEO Report\n\n-Keyword SEO lending Pages\n\n-Loan Calclator\n\n-Customer login\n\n-Staff login\n\n-Automations\n\n \n\n \n\n3 Recorded Trainings are provided\n\n-Server Training\n\n-System training\n\n-Marketing Training\n\n \n\npremium lisence\n\n-BOOKING\n\n-EVENTS\n\n-BACKUP\n\n-SERCUIRY\n\n-AUTOMATIONS\n\n-Page Builder\n\n-Page Builder Extentetion\n\n \n\n \n\n \n\n \n\n ","My Mosaic full web system and training",my-mosaic-full-web-system-and-training,https://entremotivator.com/wp-content/uploads/2023/06/B3E8F0AD-B450-46B0-AABC-932025C52B54-e1686671820215.jpg,2173638
"SERVER\n\n-Server Set Up\n\n-SSL Site Sercurity\n\n-Domain Connection\n\n-Professional email\n\n-Team Emails\n\n-Email Forwards\n\n-Server Training\n\n \n\n-CRM Set Up\n\n-Lead Forms\n\n-Booking System\n\n-Event Booking System\n\n-Back up Insurance\n\n-Custom SEO Report\n\n-Keyword SEO lending Pages\n\n-Loan Calclator\n\n-Customer login\n\n-Staff login\n\n-Automations\n\n \n\n \n\n3 Recorded Trainings are provided\n\n-Server Training\n\n-System training\n\n-Marketing Training\n\n \n\npremium lisence\n\n-BOOKING\n\n-EVENTS\n\n-BACKUP\n\n-SERCUIRY\n\n-AUTOMATIONS\n\n-Page Builder\n\n-Page Builder Extentetion\n\n \n\n \n\n \n\n \n\n ","Lending Site Deal (1 year)",lending-site-deal-1-year,https://entremotivator.com/wp-content/uploads/2023/10/cinch-editgreenn.png,2173636
"Monthly Hosting & Server ManageMent","Monthly Hosting & Server ManageMent monthly",monthly-hosting-server-management-monthly,,2173635
"Window design , Printing, installation remaining balance 740","Window wrap 200 square ft %60 deposit",window-wrap-200-square-ft,,2173633
"Custom Business Automation","Custom Business Automation",custom-business-automation,https://entremotivator.com/wp-content/uploads/2023/06/B3E8F0AD-B450-46B0-AABC-932025C52B54-e1686671820215.jpg,2173623
,"Webdesign Custom Ecom Blog",webdesign-custom-ecom-blog,,2173619
,"Build Your Business 100 times faster W A.I. Live Master Class: 1 test",build-your-business-100-times-faster-w-a-i-live-master-class-1-test,,2173596
,"Build Your Business 100 times faster W A.I. Live Master Class: Class Ticket",build-your-business-100-times-faster-w-a-i-live-master-class-class-ticket,,2173595
"Introducing Ai Bot Automation: Streamline Your Business Processes with AI-Powered Bots\n\nCraft Masters Coaching and Consulting is excited to offer Ai Bot Automation—an innovative solution that harnesses the power of AI to automate your business processes using intelligent chatbots. Our Ai Bot Automation enables you to enhance customer interactions, improve efficiency, and scale your operations seamlessly.\n\nProduct Features:\n<ol>\n 	<li>Intelligent Chatbot Technology: Our Ai Bot Automation utilizes advanced AI algorithms and natural language processing (NLP) capabilities to create intelligent chatbots that can understand and respond to user queries in real-time. These chatbots can handle a wide range of customer inquiries, provide relevant information, and even execute specific tasks.</li>\n 	<li>24/7 Customer Support: With Ai Bot Automation, you can provide round-the-clock customer support without the need for human intervention. Our chatbots can engage with customers, answer frequently asked questions, guide users through processes, and escalate complex issues to human agents when necessary. This ensures consistent support and enhances customer satisfaction.</li>\n 	<li>Process Automation: Ai Bot Automation extends beyond customer support. Our chatbots can automate various business processes, such as lead generation, appointment scheduling, order tracking, and more. By integrating with your existing systems and workflows, the chatbots streamline operations, reduce manual efforts, and increase productivity.</li>\n 	<li>Personalized Interactions: Our AI-powered chatbots are capable of delivering personalized interactions based on user preferences, purchase history, and behavioral data. This enables tailored recommendations, product suggestions, and a personalized customer experience, leading to higher engagement and customer loyalty.</li>\n 	<li>Seamless Integration: Ai Bot Automation seamlessly integrates with popular messaging platforms, websites, and mobile applications, allowing your customers to interact with the chatbots through their preferred channels. We ensure smooth integration and provide customization options to match your brand identity and customer experience requirements.</li>\n 	<li>Data Analytics and Insights: Gain valuable insights into customer behavior and preferences with the help of our Ai Bot Automation. Our solution provides detailed analytics and reporting, allowing you to track user interactions, measure chatbot performance, and identify areas for improvement. Leverage these insights to refine your customer engagement strategies and optimize your business processes.</li>\n</ol>\nExperience the Power of AI-Driven Automation with Ai Bot Automation:\n\nTransform your customer interactions and streamline your business processes with Ai Bot Automation. This solution leverages the capabilities of AI chatbots to provide efficient, personalized, and scalable automation. Whether you're in e-commerce, customer service, or any other industry, our solution can enhance your operations and drive business growth.\n\nTo explore the possibilities of Ai Bot Automation and how it can revolutionize your business, contact us today. Embrace the power of AI and witness the automation potential it unlocks for your organization.","Ai Bot Automation: Streamline Your Business Processes with AI-Powered Bots",ai-bot-automation-streamline-your-business-processes-with-ai-powered-bots,https://entremotivator.com/wp-content/uploads/2023/06/Custom-built-chatbots-vs.-DIY-bots.jpg,2173518
"Craft Masters Coaching and Consulting is thrilled to offer the Ai Microchip Product Demo—a comprehensive demonstration of our state-of-the-art AI microchip technology. This exciting product demo showcases the immense power and potential of AI in a compact and efficient package.\n\nProduct Features:\n<ol>\n 	<li>Advanced AI Processing: Our AI microchip is designed to handle complex AI tasks with exceptional speed and efficiency. Experience lightning-fast processing capabilities that enable real-time decision-making, data analysis, and predictive modeling.</li>\n 	<li>Versatile Applications: The Ai Microchip can be applied to a wide range of industries and use cases. From robotics and autonomous vehicles to healthcare and smart home systems, this versatile microchip empowers businesses to harness AI technology for enhanced performance and efficiency.</li>\n 	<li>Efficient Power Consumption: Our Ai Microchip is engineered to provide optimal performance while minimizing power consumption. Enjoy the benefits of AI processing without compromising energy efficiency or battery life, making it ideal for portable and low-power devices.</li>\n 	<li>Scalable Architecture: The Ai Microchip's scalable architecture allows for seamless integration into various hardware platforms. Whether you're developing IoT devices, edge computing solutions, or AI-enabled products, our microchip can be easily integrated into your existing systems.</li>\n 	<li>Real-time AI Capabilities: Witness the real-time capabilities of our Ai Microchip as it effortlessly performs tasks such as image recognition, natural language processing, and data analytics. Experience how AI-driven applications can enhance decision-making and automate complex processes.</li>\n 	<li>Customizable Solutions: Our team of experts can tailor the Ai Microchip to meet your specific needs and requirements. Whether you need specialized algorithms, industry-specific optimizations, or custom firmware, we provide personalized solutions to maximize the microchip's potential for your application.</li>\n</ol>\nProduct Demo Details:\n\nThe Ai Microchip Product Demo is available for purchase at a price of $1500 plus. This includes a comprehensive demonstration of the microchip's capabilities, an overview of its technical specifications, and a Q&A session with our knowledgeable team. We provide hands-on access to the microchip, allowing you to experience its power firsthand.\n\nUnlock the Potential of AI with the Ai Microchip:\n\nDiscover the transformative power of AI technology with the Ai Microchip Product Demo. Experience its advanced capabilities, explore its potential applications, and envision how it can revolutionize your business. Whether you're a technology enthusiast, a developer, or a business owner, this demo is a gateway to the future of AI.\n\nTo schedule your Ai Microchip Product Demo, contact us today. Embrace the power of AI and witness the possibilities it unlocks for your organization.","Ai Microchip Product Reserch/Demo: Experience Cutting-Edge AI Technology",ai-microchip-product-reserch-demo-experience-cutting-edge-ai-technology,,2173517
"<div class=""group w-full text-gray-800 dark:text-gray-100 border-b border-black/10 dark:border-gray-900/50 bg-gray-50 dark:bg-[#444654]"">\n<div class=""flex p-4 gap-4 text-base md:gap-6 md:max-w-2xl lg:max-w-[38rem] xl:max-w-3xl md:py-6 lg:px-0 m-auto"">\n<div class=""relative flex w-[calc(100%-50px)] flex-col gap-1 md:gap-3 lg:w-[calc(100%-115px)]"">\n<div class=""flex flex-grow flex-col gap-3"">\n<div class=""min-h-[20px] flex items-start overflow-x-auto whitespace-pre-wrap break-words flex-col gap-4"">\n<div class=""markdown prose w-full break-words dark:prose-invert light"">\n\nCraft Masters Coaching and Consulting is excited to present Ai Site Map Audit—a comprehensive service that leverages the power of AI and expert analysis to evaluate and optimize your website's site map, ensuring an intuitive navigation experience for users and improved search engine visibility.\n\nWith Ai Site Map Audit, our team of experts, supported by AI-driven algorithms, will conduct a thorough analysis of your website's site map, identifying areas for improvement and providing actionable recommendations to enhance your site's structure.\n\nKey Features:\n<ol>\n 	<li>Site Map Evaluation: Ai Site Map Audit begins with a detailed evaluation of your website's site map structure. We analyze the organization and hierarchy of your pages, navigation menus, and internal linking. Our AI algorithms identify potential issues, such as broken links, duplicate content, or missing pages.</li>\n 	<li>User Experience Optimization: We focus on optimizing your site map for a seamless user experience. Ai Site Map Audit assesses the clarity and intuitiveness of your site's navigation, ensuring that visitors can easily find the information they need. We provide recommendations to enhance usability, reduce bounce rates, and increase engagement.</li>\n 	<li>Crawlability and Indexability Analysis: Our AI tools analyze how search engine crawlers navigate and index your website. We assess factors such as XML sitemaps, robots.txt files, canonical tags, and URL structures. Ai Site Map Audit identifies potential barriers that may hinder search engine visibility and provides recommendations for improved crawlability and indexability.</li>\n 	<li>Internal Linking Strategy: Internal linking is crucial for search engine optimization and user navigation. We evaluate your internal linking strategy, analyzing the distribution of internal links, anchor text usage, and link relevancy. Our recommendations help optimize your internal linking structure to improve search engine rankings and user engagement.</li>\n 	<li>Mobile-Friendly Assessment: With the increasing importance of mobile browsing, Ai Site Map Audit evaluates the mobile-friendliness of your site map. We assess responsiveness, mobile navigation, and user experience on various devices. Our recommendations ensure that your site map caters to mobile users effectively.</li>\n 	<li>SEO Alignment: Ai Site Map Audit aligns your site map with search engine optimization best practices. We evaluate the alignment of your site map with target keywords, meta tags, and page optimization. Our recommendations aim to enhance your site's visibility and rankings in search engine results.</li>\n 	<li>Ongoing Optimization Strategies: The digital landscape is dynamic, and so should your site map be. Ai Site Map Audit provides ongoing optimization strategies based on emerging trends, user behavior, and industry best practices. We ensure that your site map remains effective, adaptable, and optimized for success.</li>\n</ol>\nExperience the Power of AI-Driven Site Map Optimization with Ai Site Map Audit:\n\nOptimize your website's site map, improve user experience, and increase search engine visibility with Ai Site Map Audit. Our combination of expert analysis and AI-driven insights ensures that your site map structure aligns with best practices. Whether you're a small business or a large enterprise, our tailored approach meets your unique site map optimization needs.\n\nDon't let a poorly structured site map hinder your website's performance. Embrace the power of AI with Ai Site Map Audit. Contact us today to schedule an audit and unlock the full potential of your site's navigation experience.\n\n</div>\n</div>\n</div>\n</div>\n</div>\n</div>","Ai Site Map Audit: Optimize Your Website's Structure for Enhanced User Experience and Search Engine Visibility",ai-funnel-audit-optimize-your-sales-funnel-and-drive-conversions,,2173515
"Craft Masters Coaching and Consulting is excited to introduce Ai Project Management Audit—a comprehensive service that combines the power of AI with expert project management analysis to optimize your project workflows, improve team collaboration, and drive project success.\n\nWith Ai Project Management Audit, our team of project management specialists, along with AI-driven algorithms, will conduct a thorough analysis of your project management practices, identifying areas for improvement and providing actionable recommendations to enhance your project outcomes.\n\nKey Features:\n<ol>\n 	<li>Project Process Evaluation: Ai Project Management Audit starts with a detailed evaluation of your project management processes. We analyze your project initiation, planning, execution, monitoring, and closure phases to identify bottlenecks, inefficiencies, and areas for optimization.</li>\n 	<li>Resource Allocation and Utilization: Our AI-powered tools analyze resource allocation and utilization patterns within your projects. By examining factors such as workload distribution, task assignments, and resource availability, we provide insights to help you optimize resource allocation, balance workloads, and improve productivity.</li>\n 	<li>Workflow Automation Opportunities: Ai Project Management Audit identifies opportunities for workflow automation using AI and technology. We assess repetitive tasks, manual processes, and areas where automation can improve efficiency and free up time for your team to focus on more critical project activities.</li>\n 	<li>Collaboration and Communication Assessment: Effective collaboration and communication are key to successful project management. Our AI algorithms analyze your team's collaboration tools, communication channels, and workflows to identify areas for improvement. We provide recommendations to enhance communication, foster collaboration, and streamline project-related discussions.</li>\n 	<li>Risk Analysis and Mitigation: Ai Project Management Audit assesses your risk management practices, including risk identification, assessment, and mitigation strategies. We identify potential risks and recommend proactive measures to minimize their impact on your projects, ensuring smoother project execution and successful outcomes.</li>\n 	<li>Performance Tracking and Reporting: Stay on top of your projects with comprehensive performance tracking and reporting. Ai Project Management Audit provides detailed analytics, KPI monitoring, and real-time reporting to help you monitor project progress, identify potential issues, and make data-driven decisions for effective project management.</li>\n 	<li>Continuous Improvement Recommendations: The project management landscape is ever-evolving, and so should your practices. Ai Project Management Audit provides ongoing recommendations for continuous improvement based on industry best practices and emerging trends. We help you stay ahead of the curve and optimize your project management processes.</li>\n</ol>\nExperience the Power of AI-Driven Project Management with Ai Project Management Audit:\n\nStreamline your project management practices, enhance team collaboration, and maximize project efficiency with Ai Project Management Audit. Our AI-driven analysis and expert insights ensure that your projects are optimized for success. Whether you're a small team or a large organization, our tailored approach meets your unique project management needs.\n\nDon't let inefficiencies hinder your project success. Embrace the power of AI with Ai Project Management Audit. Contact us today to schedule an audit and unlock the full potential of your project management capabilities.","Ai Project Management Audit: Streamline Your Projects and Maximize Efficiency",ai-project-management-audit-streamline-your-projects-and-maximize-efficiency,,2173513
"Craft Masters Coaching and Consulting is proud to present Ai Full SEO/Game Plan Audit—a comprehensive service that combines the power of AI with expert SEO analysis to enhance your website's visibility, drive organic traffic, and boost your search engine rankings.\n\nWith Ai Full SEO/Game Plan Audit, our team of SEO specialists, coupled with AI-driven algorithms, will conduct a thorough analysis of your website and develop a customized game plan to optimize your online presence.\n\nKey Features:\n<ol>\n 	<li>Website Analysis: Our AI-powered tools will crawl through your website, examining every aspect that impacts your search engine rankings. From on-page elements to technical factors, we leave no stone unturned in uncovering areas for improvement.</li>\n 	<li>Keyword Research: Ai Full SEO/Game Plan Audit identifies the most relevant and high-impact keywords for your industry. By analyzing search trends, competition, and user intent, we recommend targeted keywords that will drive qualified traffic to your website.</li>\n 	<li>Content Optimization: Our AI algorithms analyze your existing content and provide recommendations for optimization. From meta tags and headers to keyword placement and content structure, we guide you in creating compelling and search-engine-friendly content that engages users and improves your rankings.</li>\n 	<li>Technical SEO Audit: Ensuring that your website is technically optimized is crucial for search engine visibility. Ai Full SEO/Game Plan Audit assesses technical elements such as site speed, mobile-friendliness, crawlability, and URL structure. We provide detailed reports and actionable insights to enhance your website's performance.</li>\n 	<li>Backlink Analysis: Backlinks play a vital role in search engine rankings. Our AI-powered tools analyze your backlink profile, identifying high-quality links, toxic links, and opportunities for link building. We provide a comprehensive strategy to enhance your link profile and increase your website's authority.</li>\n 	<li>Competitor Analysis: Stay one step ahead of the competition with our AI-driven competitor analysis. We analyze your competitors' SEO strategies, keyword rankings, and content performance. Armed with this information, we develop a game plan to outrank your competition and gain a competitive edge.</li>\n 	<li>Ongoing Optimization Recommendations: The digital landscape is ever-evolving, and so should your SEO strategy. Ai Full SEO/Game Plan Audit provides ongoing optimization recommendations based on the latest industry trends and algorithm updates. We keep you informed and help you stay ahead of the curve.</li>\n</ol>\nExperience the Power of AI-Driven SEO with Ai Full SEO/Game Plan Audit:\n\nUnlock your website's full potential and dominate the search engine rankings with Ai Full SEO/Game Plan Audit. Our combination of human expertise and AI-driven analysis ensures that your website is optimized for success. Whether you're a small business or a large enterprise, our tailored approach is designed to meet your unique SEO needs.\n\nDon't let your competitors outshine you in search results. Embrace the power of AI with Ai Full SEO/Game Plan Audit. Contact us today to schedule an audit and take your website's SEO to new heights.","Ai Full SEO/Game Plan Audit: Optimize Your Website and Outrank the Competition",ai-full-seo-game-plan-audit-optimize-your-website-and-outrank-the-competition,,2173512
"Are you looking to unlock the power of artificial intelligence to gain valuable insights into your business and make data-driven decisions? Look no further than Ai Tech Analyze—a cutting-edge solution designed to revolutionize the way you understand and optimize your operations.\n\nWith Ai Tech Analyze, you can delve deep into your organization's data and uncover hidden patterns, trends, and correlations. Our advanced AI algorithms analyze vast amounts of structured and unstructured data, providing you with comprehensive reports and actionable insights. Whether it's sales data, customer behavior, operational metrics, or market trends, Ai Tech Analyze helps you make sense of it all.\n\nKey Features:\n<ol>\n 	<li>Powerful Data Analysis: Our AI-powered platform employs state-of-the-art machine learning techniques to process and analyze your data swiftly and accurately. From structured databases to textual data, Ai Tech Analyze can handle it all, providing you with a holistic view of your business.</li>\n 	<li>Actionable Insights: We understand that data is only valuable if it leads to actionable insights. Ai Tech Analyze goes beyond just presenting numbers and charts. Our intuitive reports highlight key findings and provide actionable recommendations to drive your business forward.</li>\n 	<li>Business Usage Identification: Ai Tech Analyze identifies the tools, software, and systems your business is using and provides a comprehensive overview. Gain visibility into the technologies your teams rely on, understand usage patterns, and make informed decisions about optimizing resources and improving workflows.</li>\n 	<li>Suggested Improvements: Our AI algorithms not only identify your current business technology landscape but also provide suggestions for potential improvements. Whether it's recommending new tools, optimizing existing systems, or implementing AI-powered solutions, Ai Tech Analyze helps you stay ahead of the curve.</li>\n 	<li>Customizable Dashboards: Tailor the reporting and visualization of your data to your specific needs. Ai Tech Analyze offers customizable dashboards that allow you to track key metrics, visualize trends, and monitor performance indicators in real-time. Stay informed and make informed decisions with ease.</li>\n 	<li>Data Security and Privacy: We understand the importance of data security and privacy. Rest assured that your information is handled with the utmost care. Ai Tech Analyze follows strict security protocols and ensures your data remains confidential and protected at all times.</li>\n</ol>\nExperience the Future of Business Analytics with Ai Tech Analyze:\n\nUnlock the true potential of your business with Ai Tech Analyze. Gain deep insights, optimize your operations, and make data-driven decisions that propel your organization forward. Whether you're a small startup or a large enterprise, our AI-powered platform is scalable and adaptable to your unique needs.\n\nDon't let valuable data go to waste—harness the power of AI with Ai Tech Analyze. Request a demo today and embark on a transformative journey towards a more efficient and successful future.","Introducing Ai Marketing Plan",introducing-ai-marketing-plan,,2173511
"Are you looking to unlock the power of artificial intelligence to gain valuable insights into your business and make data-driven decisions? Look no further than Ai Tech Analyze—a cutting-edge solution designed to revolutionize the way you understand and optimize your operations.\n\nWith Ai Tech Analyze, you can delve deep into your organization's data and uncover hidden patterns, trends, and correlations. Our advanced AI algorithms analyze vast amounts of structured and unstructured data, providing you with comprehensive reports and actionable insights. Whether it's sales data, customer behavior, operational metrics, or market trends, Ai Tech Analyze helps you make sense of it all.\n\nKey Features:\n<ol>\n 	<li>Powerful Data Analysis: Our AI-powered platform employs state-of-the-art machine learning techniques to process and analyze your data swiftly and accurately. From structured databases to textual data, Ai Tech Analyze can handle it all, providing you with a holistic view of your business.</li>\n 	<li>Actionable Insights: We understand that data is only valuable if it leads to actionable insights. Ai Tech Analyze goes beyond just presenting numbers and charts. Our intuitive reports highlight key findings and provide actionable recommendations to drive your business forward.</li>\n 	<li>Business Usage Identification: Ai Tech Analyze identifies the tools, software, and systems your business is using and provides a comprehensive overview. Gain visibility into the technologies your teams rely on, understand usage patterns, and make informed decisions about optimizing resources and improving workflows.</li>\n 	<li>Suggested Improvements: Our AI algorithms not only identify your current business technology landscape but also provide suggestions for potential improvements. Whether it's recommending new tools, optimizing existing systems, or implementing AI-powered solutions, Ai Tech Analyze helps you stay ahead of the curve.</li>\n 	<li>Customizable Dashboards: Tailor the reporting and visualization of your data to your specific needs. Ai Tech Analyze offers customizable dashboards that allow you to track key metrics, visualize trends, and monitor performance indicators in real-time. Stay informed and make informed decisions with ease.</li>\n 	<li>Data Security and Privacy: We understand the importance of data security and privacy. Rest assured that your information is handled with the utmost care. Ai Tech Analyze follows strict security protocols and ensures your data remains confidential and protected at all times.</li>\n</ol>\nExperience the Future of Business Analytics with Ai Tech Analyze:\n\nUnlock the true potential of your business with Ai Tech Analyze. Gain deep insights, optimize your operations, and make data-driven decisions that propel your organization forward. Whether you're a small startup or a large enterprise, our AI-powered platform is scalable and adaptable to your unique needs.\n\nDon't let valuable data go to waste—harness the power of AI with Ai Tech Analyze. Request a demo today and embark on a transformative journey towards a more efficient and successful future.","Ai Tech Analyze: Uncover Business Insights and Optimize Your Operations",ai-tech-analyze-uncover-business-insights-and-optimize-your-operations,,2173510
,"Every Wedsday Club House Live Ai Marketing and Systems- The Mortgage Snydacate : Free",every-wedsday-club-house-live-ai-marketing-and-systems-the-mortgage-snydacate-free,,2173479
"<div class=""group w-full text-gray-800 dark:text-gray-100 border-b border-black/10 dark:border-gray-900/50 bg-gray-50 dark:bg-[#444654]"">\n<div class=""flex p-4 gap-4 text-base md:gap-6 md:max-w-2xl lg:max-w-[38rem] xl:max-w-3xl md:py-6 lg:px-0 m-auto"">\n<div class=""relative flex w-[calc(100%-50px)] flex-col gap-1 md:gap-3 lg:w-[calc(100%-115px)]"">\n<div class=""flex flex-grow flex-col gap-3"">\n<div class=""min-h-[20px] flex flex-col items-start gap-4 whitespace-pre-wrap break-words"">\n<div class=""markdown prose w-full break-words dark:prose-invert light"">\n\nintroducing the $99 Build a Bot Class: Thursdays at 6:00\n\nUnlock the power of automation and revolutionize your business with our Build a Bot Class, offered every Thursday at 6:00. Priced at an affordable $99, this comprehensive class is designed to equip you with the skills and knowledge to create and deploy your very own AI-powered chatbot.\n\nIn this hands-on class, our experienced instructor, D. Hudson, a tech AI specialist, will guide you through the step-by-step process of building a bot tailored to your specific business needs. You'll learn the fundamentals of chatbot development, including designing conversational flows, integrating natural language processing (NLP), and optimizing user experiences.\n\nBy the end of the class, you'll have a fully functional chatbot ready to engage with customers, automate repetitive tasks, and enhance customer support. With the ability to provide instant responses, personalized recommendations, and 24/7 availability, your bot will transform the way you interact with your audience, saving time and resources.\n\nWhether you're a business owner, marketer, or aspiring developer, this class is suitable for anyone interested in harnessing the power of chatbot technology. No prior coding experience is necessary, as the class focuses on beginner-friendly tools and platforms that simplify the bot-building process.\n\nJoin us for the $99 Build a Bot Class on Thursdays at 6:00 and unlock the potential of automation for your business. Don't miss this opportunity to stay ahead of the competition, streamline operations, and deliver exceptional customer experiences. Reserve your spot today and embark on a journey towards a more efficient and interactive future.\n\n</div>\n</div>\n</div>\n<div class=""flex justify-between lg:block"">\n<div class=""text-gray-400 flex self-end lg:self-center justify-center mt-2 gap-2 md:gap-3 lg:gap-1 lg:absolute lg:top-0 lg:translate-x-full lg:right-0 lg:mt-0 lg:pl-2 visible"">\n\n \n<div class=""flex gap-1""></div>\n</div>\n</div>\n</div>\n</div>\n</div>","Build a Bot Class: Thursdays at 6:00",build-a-bot-class,https://entremotivator.com/wp-content/uploads/2023/06/Custom-built-chatbots-vs.-DIY-bots.jpg,2173474
"System Software Worksheet","Out Of The Mud Entrepreneur's Full Workbook",out-of-the-mud-entrepreneurs-full-workbook,https://entremotivator.com/wp-content/uploads/2023/01/cropped-11.-CMCC-group-copy-150x150-1.png,2173160
"<ol>\n 	<li>Serial Start up Entrepreneur Checklist</li>\n</ol>","Serial Start up Entrepreneur Checklist",serial-start-up-entrepreneur-checklist,https://entremotivator.com/wp-content/uploads/2023/01/cropped-11.-CMCC-group-copy-150x150-1.png,2173159
"System Software Worksheet","System Software Worksheet",,https://entremotivator.com/wp-content/uploads/2023/01/cropped-11.-CMCC-group-copy-150x150-1.png,2173158
"Ai Habbit Tracker","Ai Habbit Tracker",ai-habbit-tracker,https://entremotivator.com/wp-content/uploads/2023/06/My-mockup-5-from-Isometric-Business-Card-Mockups-scaled.jpg,2173156
"This is for Those willing to invest in The next level of Ai by your class will be extended and Resources will be avail be to your during and after class, also you will get the recorded version to reply , Ai Habbit Tracker ,and a 1 on 1 Ai Quickstart based on your business  ","Ai and ChatGPT Masterclass: Class VIP",ai-and-chatgpt-masterclass-class-vip,,1319
,"Ai and ChatGPT Masterclass: CLASS SEAT",ai-and-chatgpt-masterclass-class-seat,,1272
"Habbit Tracker","Habbit Tracker",habbit-tracker,https://entremotivator.com/wp-content/uploads/2023/06/Group-39879.png,1253
,"“AI to VA to CEO” CMCC 6 Week MasterClass Series: CLASS SEAT",ai-to-va-to-ceo-cmcc-webinar-series-class-seat,,1241
,Appointment,appointment,,1203
"International INVESTOR BOT BLUEPRINT","International INVESTOR BOT BLUEPRINT",international-investor-bot-blueprint,,1158
llc,LLc,llc,,1155
